{"stats":{"minecraft:mined":{"minecraft:short_grass":20,"minecraft:acacia_log":10,"minecraft:grass_block":1,"minecraft:sand":1,"minecraft:tall_grass":1,"minecraft:stone":10},"minecraft:killed_by":{"minecraft:creeper":1},"minecraft:used":{"minecraft:wooden_axe":1,"minecraft:acacia_log":4,"minecraft:wooden_pickaxe":10,"minecraft:rotten_flesh":1,"minecraft:stone_axe":28,"minecraft:dirt":1,"minecraft:crafting_table":1,"minecraft:egg":1},"minecraft:custom":{"minecraft:time_since_rest":4622,"minecraft:sprint_one_cm":39137,"minecraft:damage_taken":561,"minecraft:walk_one_cm":29111,"minecraft:mob_kills":9,"minecraft:damage_dealt":1601,"minecraft:interact_with_crafting_table":3,"minecraft:fly_one_cm":187105,"minecraft:crouch_one_cm":869,"minecraft:play_time":18494,"minecraft:deaths":1,"minecraft:sneak_time":495,"minecraft:jump":312,"minecraft:leave_game":3,"minecraft:time_since_death":4597,"minecraft:total_world_time":18494,"minecraft:fall_one_cm":9296},"minecraft:crafted":{"minecraft:crafting_table":1,"minecraft:stick":8,"minecraft:wooden_pickaxe":1,"minecraft:stone_pickaxe":1,"minecraft:wooden_axe":1,"minecraft:acacia_planks":24,"minecraft:stone_axe":1},"minecraft:picked_up":{"minecraft:wooden_axe":1,"minecraft:wooden_pickaxe":1,"minecraft:acacia_log":10,"minecraft:gunpowder":6,"minecraft:dirt":52,"minecraft:string":2,"minecraft:arrow":2,"minecraft:bone":2,"minecraft:acacia_planks":10,"minecraft:rotten_flesh":2,"minecraft:stone_axe":1,"minecraft:wheat_seeds":7,"minecraft:beef":6,"minecraft:mutton":3,"minecraft:white_wool":2,"minecraft:cobblestone":14,"minecraft:egg":1},"minecraft:killed":{"minecraft:sheep":2,"minecraft:skeleton":1,"minecraft:zombie":1,"minecraft:spider":1,"minecraft:creeper":3,"minecraft:cow":1}},"DataVersion":3953}