{"stats":{"minecraft:mined":{"minecraft:acacia_leaves":4,"minecraft:tnt":2,"minecraft:short_grass":15},"minecraft:dropped":{"minecraft:lava_bucket":1,"minecraft:wolf_armor":1,"minecraft:wolf_spawn_egg":64,"minecraft:string":1,"minecraft:bone":64},"minecraft:used":{"minecraft:sticky_piston":32,"minecraft:lever":6,"minecraft:lava_bucket":28,"minecraft:flint_and_steel":4,"minecraft:redstone":29,"minecraft:barrier":6,"minecraft:stone":8,"minecraft:zombie_spawn_egg":7,"minecraft:torch":1,"minecraft:dragon_egg":10,"minecraft:repeater":4,"minecraft:dirt":75,"minecraft:tnt":30,"minecraft:wolf_spawn_egg":1,"minecraft:end_portal_frame":2,"minecraft:end_stone":45},"minecraft:custom":{"minecraft:time_since_rest":9167,"minecraft:sprint_one_cm":29847,"minecraft:damage_taken":1432,"minecraft:walk_one_cm":72914,"minecraft:mob_kills":4,"minecraft:drop":5,"minecraft:damage_dealt":254,"minecraft:swim_one_cm":4150,"minecraft:fly_one_cm":232897,"minecraft:crouch_one_cm":1788,"minecraft:play_time":35857,"minecraft:deaths":6,"minecraft:sneak_time":896,"minecraft:walk_under_water_one_cm":240,"minecraft:jump":339,"minecraft:leave_game":1,"minecraft:time_since_death":9128,"minecraft:walk_on_water_one_cm":3216,"minecraft:total_world_time":35857,"minecraft:fall_one_cm":8262},"minecraft:killed":{"minecraft:spider":1,"minecraft:ender_dragon":1},"minecraft:picked_up":{"minecraft:acacia_log":2,"minecraft:wolf_armor":1,"minecraft:redstone":5,"minecraft:string":1,"minecraft:dragon_egg":1,"minecraft:dirt":32,"minecraft:tnt":1,"minecraft:bone":64,"minecraft:rotten_flesh":4,"minecraft:lever":1,"minecraft:wolf_spawn_egg":64,"minecraft:mutton":2,"minecraft:white_wool":1,"minecraft:cobblestone":16}},"DataVersion":3953}