{"stats":{"minecraft:mined":{"minecraft:acacia_leaves":4,"minecraft:tnt":2,"minecraft:short_grass":14},"minecraft:dropped":{"minecraft:wolf_armor":1,"minecraft:wolf_spawn_egg":64,"minecraft:string":1,"minecraft:bone":64},"minecraft:used":{"minecraft:flint_and_steel":4,"minecraft:barrier":6,"minecraft:zombie_spawn_egg":7,"minecraft:torch":1,"minecraft:dragon_egg":10,"minecraft:tnt":30,"minecraft:wolf_spawn_egg":1,"minecraft:end_portal_frame":2,"minecraft:end_stone":1},"minecraft:custom":{"minecraft:time_since_rest":3110,"minecraft:sprint_one_cm":28979,"minecraft:damage_taken":702,"minecraft:walk_one_cm":46698,"minecraft:mob_kills":4,"minecraft:drop":4,"minecraft:damage_dealt":254,"minecraft:swim_one_cm":4150,"minecraft:fly_one_cm":221154,"minecraft:crouch_one_cm":952,"minecraft:play_time":23857,"minecraft:deaths":3,"minecraft:sneak_time":490,"minecraft:walk_under_water_one_cm":240,"minecraft:jump":317,"minecraft:leave_game":1,"minecraft:time_since_death":3069,"minecraft:walk_on_water_one_cm":3216,"minecraft:total_world_time":23857,"minecraft:fall_one_cm":7927},"minecraft:killed":{"minecraft:spider":1,"minecraft:ender_dragon":1},"minecraft:picked_up":{"minecraft:acacia_log":2,"minecraft:wolf_armor":1,"minecraft:string":1,"minecraft:dragon_egg":1,"minecraft:dirt":32,"minecraft:tnt":1,"minecraft:bone":64,"minecraft:rotten_flesh":4,"minecraft:wolf_spawn_egg":64,"minecraft:mutton":2,"minecraft:white_wool":1,"minecraft:cobblestone":16}},"DataVersion":3953}