{"stats":{"minecraft:mined":{"minecraft:short_grass":13,"minecraft:acacia_leaves":4},"minecraft:dropped":{"minecraft:wolf_armor":1,"minecraft:wolf_spawn_egg":64,"minecraft:string":1,"minecraft:bone":64},"minecraft:used":{"minecraft:flint_and_steel":1,"minecraft:tnt":1,"minecraft:wolf_spawn_egg":1},"minecraft:custom":{"minecraft:time_since_rest":11857,"minecraft:crouch_one_cm":247,"minecraft:sprint_one_cm":20991,"minecraft:play_time":11857,"minecraft:damage_taken":325,"minecraft:walk_one_cm":18723,"minecraft:sneak_time":132,"minecraft:walk_under_water_one_cm":240,"minecraft:mob_kills":1,"minecraft:drop":4,"minecraft:jump":222,"minecraft:damage_dealt":160,"minecraft:leave_game":1,"minecraft:walk_on_water_one_cm":3216,"minecraft:time_since_death":11857,"minecraft:total_world_time":11857,"minecraft:swim_one_cm":4150,"minecraft:fly_one_cm":129680,"minecraft:fall_one_cm":5582},"minecraft:picked_up":{"minecraft:bone":64,"minecraft:acacia_log":2,"minecraft:wolf_armor":1,"minecraft:wolf_spawn_egg":64,"minecraft:string":1},"minecraft:killed":{"minecraft:spider":1}},"DataVersion":3953}