{"stats":{"minecraft:mined":{"minecraft:acacia_log":1,"minecraft:short_grass":2,"minecraft:tall_grass":1},"minecraft:crafted":{"minecraft:acacia_planks":4},"minecraft:used":{"minecraft:water_bucket":1,"minecraft:netherite_sword":3,"minecraft:netherite_boots":1,"minecraft:ender_eye":12,"minecraft:warped_trapdoor":5,"minecraft:cobblestone":13,"minecraft:mace":5,"minecraft:netherite_leggings":1,"minecraft:warped_hyphae":2,"minecraft:warped_fence":2,"minecraft:netherite_chestplate":1,"minecraft:bucket":1,"minecraft:ender_pearl":1,"minecraft:netherite_helmet":1,"minecraft:end_portal_frame":12,"minecraft:warped_stem":14},"minecraft:custom":{"minecraft:time_since_rest":285,"minecraft:crouch_one_cm":736,"minecraft:walk_one_cm":20259,"minecraft:play_time":12677,"minecraft:sprint_one_cm":28670,"minecraft:damage_taken":1392,"minecraft:deaths":6,"minecraft:sneak_time":185,"minecraft:mob_kills":1,"minecraft:jump":224,"minecraft:damage_dealt":184,"minecraft:walk_on_water_one_cm":2407,"minecraft:time_since_death":255,"minecraft:total_world_time":12677,"minecraft:fall_one_cm":5300,"minecraft:fly_one_cm":62868},"minecraft:picked_up":{"minecraft:zombie_spawn_egg":56,"minecraft:rotten_flesh":5,"minecraft:andesite":20,"minecraft:wheat_seeds":5,"minecraft:acacia_log":1,"minecraft:ender_eye":1,"minecraft:coal":10,"minecraft:dirt":205,"minecraft:cobblestone":52,"minecraft:ender_pearl":1}},"DataVersion":3953}