{"stats":{"minecraft:mined":{"minecraft:short_grass":2,"minecraft:acacia_log":1,"minecraft:tall_grass":1},"minecraft:crafted":{"minecraft:acacia_planks":4},"minecraft:used":{"minecraft:brown_terracotta":3,"minecraft:sticky_piston":16,"minecraft:lever":3,"minecraft:warped_stem":14,"minecraft:ender_eye":12,"minecraft:water_bucket":2,"minecraft:netherite_sword":3,"minecraft:light":46,"minecraft:black_concrete":10,"minecraft:warped_trapdoor":5,"minecraft:mace":5,"minecraft:light_gray_concrete":2,"minecraft:warped_hyphae":4,"minecraft:redstone":35,"minecraft:netherite_chestplate":1,"minecraft:warped_fence":2,"minecraft:ender_pearl":1,"minecraft:brown_concrete":79,"minecraft:stone":31,"minecraft:netherite_boots":1,"minecraft:repeater":7,"minecraft:dirt":25,"minecraft:cobblestone":13,"minecraft:netherite_leggings":1,"minecraft:bucket":1,"minecraft:end_portal_frame":12,"minecraft:netherite_helmet":1,"minecraft:stone_pressure_plate":2,"minecraft:brown_mushroom_block":4},"minecraft:custom":{"minecraft:time_since_rest":18823,"minecraft:damage_taken":1392,"minecraft:sprint_one_cm":35387,"minecraft:walk_one_cm":50337,"minecraft:mob_kills":1,"minecraft:damage_dealt":184,"minecraft:fly_one_cm":106363,"minecraft:crouch_one_cm":1096,"minecraft:play_time":31215,"minecraft:deaths":6,"minecraft:sneak_time":466,"minecraft:jump":284,"minecraft:leave_game":1,"minecraft:time_since_death":18793,"minecraft:walk_on_water_one_cm":2622,"minecraft:total_world_time":31215,"minecraft:fall_one_cm":5300},"minecraft:picked_up":{"minecraft:andesite":20,"minecraft:acacia_log":1,"minecraft:redstone":6,"minecraft:dirt":205,"minecraft:zombie_spawn_egg":56,"minecraft:rotten_flesh":5,"minecraft:wheat_seeds":5,"minecraft:ender_eye":1,"minecraft:coal":10,"minecraft:cobblestone":52,"minecraft:ender_pearl":1}},"DataVersion":3953}